{"cameraMode":{"drawMode":0,"name":"Shaded","section":"Shading Mode"},"sceneLighting":false,"audioPlay":false,"sceneViewState":{"m_AlwaysRefresh":false,"showFog":true,"showSkybox":false,"showFlares":true,"showImageEffects":true,"showParticleSystems":true,"showVisualEffectGraphs":true,"m_FxEnabled":true},"in2DMode":false,"pivot":{"x":0.4495375156402588,"y":3.2115726470947267,"z":0.0017099380493164063},"rotation":{"x":0.48521551489830019,"y":0.011706450954079628,"z":-0.007145590148866177,"w":0.8746411800384522},"size":7.26909065246582,"orthographic":false}