{"cameraMode":{"drawMode":0,"name":"Shaded","section":"Shading Mode"},"sceneLighting":true,"audioPlay":false,"sceneViewState":{"m_AlwaysRefresh":false,"showFog":true,"showSkybox":false,"showFlares":true,"showImageEffects":true,"showParticleSystems":true,"showVisualEffectGraphs":true,"m_FxEnabled":true},"in2DMode":false,"pivot":{"x":0.05624055862426758,"y":-0.22862201929092408,"z":0.1232156753540039},"rotation":{"x":0.46228569746017458,"y":0.16577278077602387,"z":-0.08896459639072418,"w":0.8668985962867737},"size":3.726579189300537,"orthographic":false}