{"cameraMode":{"drawMode":0,"name":"Shaded","section":"Shading Mode"},"sceneLighting":true,"audioPlay":false,"sceneViewState":{"m_AlwaysRefresh":false,"showFog":true,"showSkybox":false,"showFlares":true,"showImageEffects":true,"showParticleSystems":true,"showVisualEffectGraphs":true,"m_FxEnabled":true},"in2DMode":false,"pivot":{"x":0.009783506393432618,"y":-0.03399944305419922,"z":0.013170957565307618},"rotation":{"x":0.3778679072856903,"y":0.3335539996623993,"z":-0.1486498862504959,"w":0.8511617183685303},"size":2.969792127609253,"orthographic":false}