{"cameraMode":{"drawMode":0,"name":"Shaded","section":"Shading Mode"},"sceneLighting":true,"audioPlay":false,"sceneViewState":{"m_AlwaysRefresh":false,"showFog":true,"showSkybox":true,"showFlares":true,"showImageEffects":true,"showParticleSystems":true,"showVisualEffectGraphs":true,"m_FxEnabled":true},"in2DMode":false,"pivot":{"x":530.68994140625,"y":952.7152709960938,"z":54.62409210205078},"rotation":{"x":-0.0019957406911998989,"y":-0.0027787412982434036,"z":0.000042958592530339956,"w":1.0002503395080567},"size":663.7481689453125,"orthographic":false}