{"cameraMode":{"drawMode":0,"name":"Shaded","section":"Shading Mode"},"sceneLighting":true,"audioPlay":false,"sceneViewState":{"m_AlwaysRefresh":false,"showFog":true,"showSkybox":true,"showFlares":true,"showImageEffects":true,"showParticleSystems":true,"showVisualEffectGraphs":true,"m_FxEnabled":true},"in2DMode":false,"pivot":{"x":-104.75226593017578,"y":0.3682508170604706,"z":-2.1661198139190676},"rotation":{"x":0.5106814503669739,"y":0.16322524845600129,"z":-0.09935513138771057,"w":0.8385521173477173},"size":2.541548252105713,"orthographic":false}