{"cameraMode":{"drawMode":0,"name":"Shaded","section":"Shading Mode"},"sceneLighting":true,"audioPlay":false,"sceneViewState":{"m_AlwaysRefresh":false,"showFog":true,"showSkybox":true,"showFlares":true,"showImageEffects":true,"showParticleSystems":true,"showVisualEffectGraphs":true,"m_FxEnabled":true},"in2DMode":false,"pivot":{"x":545.0431518554688,"y":1018.5444946289063,"z":-148.9559326171875},"rotation":{"x":0.17267505824565888,"y":-0.002687074476853013,"z":0.0007557445205748081,"w":0.9852122068405151},"size":593.8238525390625,"orthographic":false}