{"cameraMode":{"drawMode":0,"name":"Shaded","section":"Shading Mode"},"sceneLighting":true,"audioPlay":false,"sceneViewState":{"m_AlwaysRefresh":false,"showFog":true,"showSkybox":false,"showFlares":true,"showImageEffects":true,"showParticleSystems":true,"showVisualEffectGraphs":true,"m_FxEnabled":true},"in2DMode":false,"pivot":{"x":0.06415116786956787,"y":0.6993778944015503,"z":0.04339134693145752},"rotation":{"x":0.3778679072856903,"y":0.3335539996623993,"z":-0.1486498862504959,"w":0.8511617183685303},"size":3.110321044921875,"orthographic":false}